bias,fit_diagnostics,fit_groups,mae,method,n,n_shots,normalized_rmse,raw_rmse,ridge_alpha,ridge_validation_rmse,seed,source,test_groups,validation_groups
-58.3448486328125,"{'best_validation_normalized_rmse': 0.33053985238075256, 'best_epoch': 8, 'epochs_ran': 8, 'frozen_encoder': False, 'model_initialization_seed': 1042}",['1'],64.85769653320312,transfer,281,1,0.30680688340424606,82.53105163574219,,,42,femto,['5'],['4']
-55.80601119995117,"{'best_validation_normalized_rmse': 0.38554030656814575, 'best_epoch': 8, 'epochs_ran': 8, 'frozen_encoder': False, 'model_initialization_seed': 1123}",['1'],62.5578498840332,transfer,281,1,0.30880969873591424,83.06980895996094,,,123,femto,['5'],['4']
-74.70762634277344,"{'best_validation_normalized_rmse': 0.41280731558799744, 'best_epoch': 8, 'epochs_ran': 8, 'frozen_encoder': True, 'model_initialization_seed': 1042}",['1'],81.0246810913086,frozen_encoder,281,1,0.3784172029743407,101.79422760009766,,,42,femto,['5'],['4']
-75.49625396728516,"{'best_validation_normalized_rmse': 0.4475432336330414, 'best_epoch': 8, 'epochs_ran': 8, 'frozen_encoder': True, 'model_initialization_seed': 1123}",['1'],79.80342102050781,frozen_encoder,281,1,0.38087925680507956,102.4565200805664,,,123,femto,['5'],['4']
-46.94390106201172,"{'best_validation_normalized_rmse': 0.29687416553497314, 'best_epoch': 8, 'epochs_ran': 8, 'frozen_encoder': False, 'model_initialization_seed': 1042}",['1'],48.01939010620117,scratch,281,1,0.24930254854677336,67.06238555908203,,,42,femto,['5'],['4']
-49.587711334228516,"{'best_validation_normalized_rmse': 0.355915367603302, 'best_epoch': 8, 'epochs_ran': 8, 'frozen_encoder': False, 'model_initialization_seed': 1123}",['1'],51.33025360107422,scratch,281,1,0.2953034865368698,79.43663787841797,,,123,femto,['5'],['4']
7.306710243225098,,['1'],7.306710243225098,ridge,281,1,0.03439119048278128,9.251230239868164,0.0001,1.0449960231781006,,femto,['5'],['4']
-57.0754280090332,,['1'],63.7077751159668,transfer_ensemble,281,1,0.30737766989101706,82.6845932006836,,,,femto,['5'],['4']
-75.10193634033203,,['1'],80.38946533203125,frozen_encoder_ensemble,281,1,0.37948520476046993,102.0815200805664,,,,femto,['5'],['4']
-48.265804290771484,,['1'],49.48773193359375,scratch_ensemble,281,1,0.2713252071111176,72.98648071289062,,,,femto,['5'],['4']
7.306710243225098,,['1'],7.306710243225098,ridge_ensemble,281,1,0.03439119048278128,9.251230239868164,,,,femto,['5'],['4']
-53.319400787353516,"{'best_validation_normalized_rmse': 0.37180420756340027, 'best_epoch': 8, 'epochs_ran': 8, 'frozen_encoder': False, 'model_initialization_seed': 2042}","['1', '2']",66.20292663574219,transfer,281,2,0.3255455272348397,87.57174682617188,,,42,femto,['5'],['4']
-43.605167388916016,"{'best_validation_normalized_rmse': 0.31372496485710144, 'best_epoch': 8, 'epochs_ran': 8, 'frozen_encoder': False, 'model_initialization_seed': 2123}","['1', '2']",48.15260314941406,transfer,281,2,0.2570696976105077,69.15174865722656,,,123,femto,['5'],['4']
-67.06007385253906,"{'best_validation_normalized_rmse': 0.41763681173324585, 'best_epoch': 8, 'epochs_ran': 8, 'frozen_encoder': True, 'model_initialization_seed': 2042}","['1', '2']",74.90339660644531,frozen_encoder,281,2,0.36801255236771024,98.99537658691406,,,42,femto,['5'],['4']
-60.243194580078125,"{'best_validation_normalized_rmse': 0.3870418667793274, 'best_epoch': 8, 'epochs_ran': 8, 'frozen_encoder': True, 'model_initialization_seed': 2123}","['1', '2']",68.43089294433594,frozen_encoder,281,2,0.3311137373119482,89.06959533691406,,,123,femto,['5'],['4']
-69.82270050048828,"{'best_validation_normalized_rmse': 0.42017698287963867, 'best_epoch': 8, 'epochs_ran': 8, 'frozen_encoder': False, 'model_initialization_seed': 2042}","['1', '2']",76.64329528808594,scratch,281,2,0.3609095009729322,97.08465576171875,,,42,femto,['5'],['4']
-52.61201095581055,"{'best_validation_normalized_rmse': 0.3309115767478943, 'best_epoch': 8, 'epochs_ran': 8, 'frozen_encoder': False, 'model_initialization_seed': 2123}","['1', '2']",57.33415985107422,scratch,281,2,0.278169284522755,74.8275375366211,,,123,femto,['5'],['4']
6.265874862670898,,"['1', '2']",6.549773216247559,ridge,281,2,0.03235068906195545,8.702335357666016,0.01,0.9851158261299133,,femto,['5'],['4']
-48.462284088134766,,"['1', '2']",56.42182540893555,transfer_ensemble,281,2,0.290565972877701,78.16224670410156,,,,femto,['5'],['4']
-63.651634216308594,,"['1', '2']",71.50473022460938,frozen_encoder_ensemble,281,2,0.3493458630870266,93.97403717041016,,,,femto,['5'],['4']
-61.21736145019531,,"['1', '2']",66.98365783691406,scratch_ensemble,281,2,0.31914151556872966,85.84906768798828,,,,femto,['5'],['4']
6.265874862670898,,"['1', '2']",6.549773216247559,ridge_ensemble,281,2,0.03235068906195545,8.702335357666016,,,,femto,['5'],['4']
-43.029212951660156,"{'best_validation_normalized_rmse': 0.3524891436100006, 'best_epoch': 8, 'epochs_ran': 8, 'frozen_encoder': False, 'model_initialization_seed': 3042}","['1', '2', '3']",54.231422424316406,transfer,281,3,0.2843706776218343,76.49571228027344,,,42,femto,['5'],['4']
-47.120792388916016,"{'best_validation_normalized_rmse': 0.3147241175174713, 'best_epoch': 8, 'epochs_ran': 8, 'frozen_encoder': False, 'model_initialization_seed': 3123}","['1', '2', '3']",54.14395523071289,transfer,281,3,0.2576946839967182,69.31986999511719,,,123,femto,['5'],['4']
-57.3568229675293,"{'best_validation_normalized_rmse': 0.41869133710861206, 'best_epoch': 8, 'epochs_ran': 8, 'frozen_encoder': True, 'model_initialization_seed': 3042}","['1', '2', '3']",75.14684295654297,frozen_encoder,281,3,0.3555340394654682,95.63865661621094,,,42,femto,['5'],['4']
-64.5539321899414,"{'best_validation_normalized_rmse': 0.3975926637649536, 'best_epoch': 8, 'epochs_ran': 8, 'frozen_encoder': True, 'model_initialization_seed': 3123}","['1', '2', '3']",74.07823944091797,frozen_encoder,281,3,0.3421734948140538,92.04467010498047,,,123,femto,['5'],['4']
-44.95445251464844,"{'best_validation_normalized_rmse': 0.3295214772224426, 'best_epoch': 8, 'epochs_ran': 8, 'frozen_encoder': False, 'model_initialization_seed': 3042}","['1', '2', '3']",51.10689926147461,scratch,281,3,0.27050579879363673,72.76605987548828,,,42,femto,['5'],['4']
-52.11277770996094,"{'best_validation_normalized_rmse': 0.35305795073509216, 'best_epoch': 8, 'epochs_ran': 8, 'frozen_encoder': False, 'model_initialization_seed': 3123}","['1', '2', '3']",55.942230224609375,scratch,281,3,0.2884907208410781,77.60400390625,,,123,femto,['5'],['4']
5.340639591217041,,"['1', '2', '3']",5.3681440353393555,ridge,281,3,0.025154120860046612,6.766458511352539,0.001,3.7536375522613525,,femto,['5'],['4']
-45.07500457763672,,"['1', '2', '3']",53.083656311035156,transfer_ensemble,281,3,0.2690815411535781,72.3829345703125,,,,femto,['5'],['4']
-60.95537567138672,,"['1', '2', '3']",74.22159576416016,frozen_encoder_ensemble,281,3,0.34775923264514114,93.54723358154297,,,,femto,['5'],['4']
-48.53361511230469,,"['1', '2', '3']",53.523963928222656,scratch_ensemble,281,3,0.2792020889906192,75.10536193847656,,,,femto,['5'],['4']
5.340639591217041,,"['1', '2', '3']",5.3681440353393555,ridge_ensemble,281,3,0.025154120860046612,6.766458511352539,,,,femto,['5'],['4']
-57.940162658691406,"{'best_validation_normalized_rmse': 0.38084888458251953, 'best_epoch': 8, 'epochs_ran': 8, 'frozen_encoder': False, 'model_initialization_seed': 1042}",['1'],59.50080490112305,transfer,281,1,0.31838345439017485,85.64514923095703,,,42,ims,['5'],['4']
-28.743661880493164,"{'best_validation_normalized_rmse': 0.31491026282310486, 'best_epoch': 8, 'epochs_ran': 8, 'frozen_encoder': False, 'model_initialization_seed': 1123}",['1'],32.31048583984375,transfer,281,1,0.18840277859712623,50.68034744262695,,,123,ims,['5'],['4']
-71.652587890625,"{'best_validation_normalized_rmse': 0.4462214410305023, 'best_epoch': 8, 'epochs_ran': 8, 'frozen_encoder': True, 'model_initialization_seed': 1042}",['1'],78.3329086303711,frozen_encoder,281,1,0.3858336551481906,103.78925323486328,,,42,ims,['5'],['4']
-43.06153106689453,"{'best_validation_normalized_rmse': 0.3551502525806427, 'best_epoch': 8, 'epochs_ran': 8, 'frozen_encoder': True, 'model_initialization_seed': 1123}",['1'],52.59320831298828,frozen_encoder,281,1,0.25789965661484954,69.37500762939453,,,123,ims,['5'],['4']
-73.48628234863281,"{'best_validation_normalized_rmse': 0.4462144076824188, 'best_epoch': 8, 'epochs_ran': 8, 'frozen_encoder': False, 'model_initialization_seed': 1042}",['1'],78.64730834960938,scratch,281,1,0.3770575824723368,101.4284896850586,,,42,ims,['5'],['4']
-39.107208251953125,"{'best_validation_normalized_rmse': 0.3620739281177521, 'best_epoch': 8, 'epochs_ran': 8, 'frozen_encoder': False, 'model_initialization_seed': 1123}",['1'],47.7799072265625,scratch,281,1,0.2428631977520911,65.3302001953125,,,123,ims,['5'],['4']
7.306710243225098,,['1'],7.306710243225098,ridge,281,1,0.03439119048278128,9.251230239868164,0.0001,1.0449960231781006,,ims,['5'],['4']
-43.34191131591797,,['1'],44.7854118347168,transfer_ensemble,281,1,0.2522997661150964,67.86863708496094,,,,ims,['5'],['4']
-57.357059478759766,,['1'],65.2493896484375,frozen_encoder_ensemble,281,1,0.32139729212651025,86.45587158203125,,,,ims,['5'],['4']
-56.29674530029297,,['1'],62.63134765625,scratch_ensemble,281,1,0.30833979610173673,82.94340515136719,,,,ims,['5'],['4']
7.306710243225098,,['1'],7.306710243225098,ridge_ensemble,281,1,0.03439119048278128,9.251230239868164,,,,ims,['5'],['4']
-68.45757293701172,"{'best_validation_normalized_rmse': 0.4188028573989868, 'best_epoch': 8, 'epochs_ran': 8, 'frozen_encoder': False, 'model_initialization_seed': 2042}","['1', '2']",73.23211669921875,transfer,281,2,0.3565766572065956,95.91912078857422,,,42,ims,['5'],['4']
-49.22745132446289,"{'best_validation_normalized_rmse': 0.3393036127090454, 'best_epoch': 8, 'epochs_ran': 8, 'frozen_encoder': False, 'model_initialization_seed': 2123}","['1', '2']",53.89891052246094,transfer,281,2,0.2816730201465933,75.7700424194336,,,123,ims,['5'],['4']
-89.47826385498047,"{'best_validation_normalized_rmse': 0.5006908774375916, 'best_epoch': 8, 'epochs_ran': 8, 'frozen_encoder': True, 'model_initialization_seed': 2042}","['1', '2']",90.28236389160156,frozen_encoder,281,2,0.4338528941555094,116.70642852783203,,,42,ims,['5'],['4']
-63.85243225097656,"{'best_validation_normalized_rmse': 0.4061098098754883, 'best_epoch': 8, 'epochs_ran': 8, 'frozen_encoder': True, 'model_initialization_seed': 2123}","['1', '2']",72.59478759765625,frozen_encoder,281,2,0.3474341466967501,93.45978546142578,,,123,ims,['5'],['4']
-63.69270706176758,"{'best_validation_normalized_rmse': 0.3789842128753662, 'best_epoch': 8, 'epochs_ran': 8, 'frozen_encoder': False, 'model_initialization_seed': 2042}","['1', '2']",66.78240966796875,scratch,281,2,0.3208128634881796,86.29866027832031,,,42,ims,['5'],['4']
-50.63284683227539,"{'best_validation_normalized_rmse': 0.35515862703323364, 'best_epoch': 8, 'epochs_ran': 8, 'frozen_encoder': False, 'model_initialization_seed': 2123}","['1', '2']",56.44089126586914,scratch,281,2,0.29544214865532065,79.47393798828125,,,123,ims,['5'],['4']
6.265874862670898,,"['1', '2']",6.549773216247559,ridge,281,2,0.03235068906195545,8.702335357666016,0.01,0.9851158261299133,,ims,['5'],['4']
-58.84251403808594,,"['1', '2']",63.56250762939453,transfer_ensemble,281,2,0.31850203616911593,85.67704772949219,,,,ims,['5'],['4']
-76.66535186767578,,"['1', '2']",81.202392578125,frozen_encoder_ensemble,281,2,0.3898912167460502,104.8807373046875,,,,ims,['5'],['4']
-57.162776947021484,,"['1', '2']",61.42215347290039,scratch_ensemble,281,2,0.3069109438077225,82.55904388427734,,,,ims,['5'],['4']
6.265874862670898,,"['1', '2']",6.549773216247559,ridge_ensemble,281,2,0.03235068906195545,8.702335357666016,,,,ims,['5'],['4']
-23.15764045715332,"{'best_validation_normalized_rmse': 0.22777286171913147, 'best_epoch': 8, 'epochs_ran': 8, 'frozen_encoder': False, 'model_initialization_seed': 3042}","['1', '2', '3']",35.07673263549805,transfer,281,3,0.18343425594741083,49.343814849853516,,,42,ims,['5'],['4']
-27.095993041992188,"{'best_validation_normalized_rmse': 0.2518587112426758, 'best_epoch': 8, 'epochs_ran': 8, 'frozen_encoder': False, 'model_initialization_seed': 3123}","['1', '2', '3']",34.76723098754883,transfer,281,3,0.19395975729789874,52.175174713134766,,,123,ims,['5'],['4']
-39.577911376953125,"{'best_validation_normalized_rmse': 0.30982691049575806, 'best_epoch': 8, 'epochs_ran': 8, 'frozen_encoder': True, 'model_initialization_seed': 3042}","['1', '2', '3']",55.02698516845703,frozen_encoder,281,3,0.2638763087389637,70.98272705078125,,,42,ims,['5'],['4']
-38.65825271606445,"{'best_validation_normalized_rmse': 0.31206533312797546, 'best_epoch': 8, 'epochs_ran': 8, 'frozen_encoder': True, 'model_initialization_seed': 3123}","['1', '2', '3']",51.57175064086914,frozen_encoder,281,3,0.25597492203836547,68.85725402832031,,,123,ims,['5'],['4']
-33.788394927978516,"{'best_validation_normalized_rmse': 0.29748213291168213, 'best_epoch': 8, 'epochs_ran': 8, 'frozen_encoder': False, 'model_initialization_seed': 3042}","['1', '2', '3']",47.7359504699707,scratch,281,3,0.24462207099318947,65.80333709716797,,,42,ims,['5'],['4']
-21.54676055908203,"{'best_validation_normalized_rmse': 0.2328767329454422, 'best_epoch': 8, 'epochs_ran': 8, 'frozen_encoder': False, 'model_initialization_seed': 3123}","['1', '2', '3']",32.46087646484375,scratch,281,3,0.17700141424583238,47.613380432128906,,,123,ims,['5'],['4']
5.340639591217041,,"['1', '2', '3']",5.3681440353393555,ridge,281,3,0.025154120860046612,6.766458511352539,0.001,3.7536375522613525,,ims,['5'],['4']
-25.12681770324707,,"['1', '2', '3']",33.88481140136719,transfer_ensemble,281,3,0.18805009636294,50.58547592163086,,,,ims,['5'],['4']
-39.11808395385742,,"['1', '2', '3']",53.200382232666016,frozen_encoder_ensemble,281,3,0.2597669296548269,69.87730407714844,,,,ims,['5'],['4']
-27.667579650878906,,"['1', '2', '3']",39.52724075317383,scratch_ensemble,281,3,0.2097101317905582,56.412025451660156,,,,ims,['5'],['4']
5.340639591217041,,"['1', '2', '3']",5.3681440353393555,ridge_ensemble,281,3,0.025154120860046612,6.766458511352539,,,,ims,['5'],['4']
