阶段,累计时间_s,本段推进_s,状态,最小网格质量,喉部流体温度_K,喉部固体温度_K,喉部压力_Pa,内壁热流_W_m2,最大烧蚀速度_m_s,累计烧蚀深度_mm,目标烧蚀深度_mm,相对误差_pct
100微秒,0.0001,0,已完成,0.598125835,1146.999999,300.0000028,1429999.993,1398459.151,2.78129836591E-07,0,0.2585,
200微秒,0.0002,0.0001,通过,0.598125835,1147,301.3607385,1430000,1397567.951,2.14665071031E-05,1.08723184698E-06,0.2585,
300微秒,0.0003,0.0001,通过,0.598125835,1147,302.6838608,1430000,1396685.475,2.14293661792E-05,3.2320255111E-06,0.2585,
400微秒,0.0004,0.0001,通过,0.598125835,1147,303.9708642,1430000,1395811.682,2.13930656112E-05,5.37314710061E-06,0.2585,
500微秒,0.0005,0.0001,通过,0.598125835,1147,305.2231914,1430000,1394946.524,2.13575780236E-05,7.51067928235E-06,0.2585,
600微秒,0.0006,0.0001,通过,0.598125835,1147,306.4422181,1430000,1394089.949,2.13228771501E-05,9.64470204103E-06,0.2585,
700微秒,0.0007,0.0001,通过,0.598125835,1147,307.6292564,1430000,1393241.903,2.1288937779E-05,1.17752927875E-05,0.2585,
800微秒,0.0008,0.0001,通过,0.598125835,1147,308.7855578,1430000,1392402.325,2.12557357019E-05,1.39025264615E-05,0.2585,
900微秒,0.0009,0.0001,通过,0.598125835,1147,309.9123163,1430000,1391571.154,2.12232476648E-05,1.60264756299E-05,0.2585,
1毫秒,0.001,0.0001,通过,0.598125835,1147,311.0106716,1430000,1390748.325,2.11914513235E-05,1.81472105793E-05,0.2585,
2毫秒,0.002,0.001,通过,0.598125835,1147,312.0817307,1430000,1389933.757,2.11603246451E-05,3.93230985636E-05,0.2585,
3毫秒,0.003,0.001,通过,0.598125835,1147,321.4987769,1430000,1382226.932,2.08817185003E-05,6.03441201363E-05,0.2585,
4毫秒,0.004,0.001,通过,0.598125835,1147,329.0794498,1430000,1375262.255,2.0651641642E-05,8.11108002074E-05,0.2585,
5毫秒,0.005,0.001,通过,0.598125835,1147,335.360956,1430000,1368956.904,2.04581863255E-05,0.000101665714191,0.2585,
6毫秒,0.006,0.001,通过,0.598125835,1147,340.6982621,1430000,1363229.99,2.02928522297E-05,0.000122041233469,0.2585,
7毫秒,0.007,0.001,通过,0.598125835,1147,345.3316756,1430000,1358007.48,2.01494630696E-05,0.000142262391118,0.2585,
8毫秒,0.008,0.001,通过,0.598125835,1147,349.4277476,1430000,1353223.702,2.00234547439E-05,0.000162348850025,0.2585,
9毫秒,0.009,0.001,通过,0.598125835,1147,353.1043497,1430000,1348821.321,1.99114055183E-05,0.000182316280156,0.2585,
10毫秒,0.01,0.001,通过,0.598125835,1147,356.4467786,1430000,1344750.892,1.98107152298E-05,0.00020217734053,0.2585,
20毫秒,0.02,0.01,通过,0.598125835,1147,359.5181031,1430000,1340969.974,1.97194076023E-05,0.000399827954691,0.2585,
30毫秒,0.03,0.01,通过,0.598125835,1147,382.0226663,1430000,1313225.702,1.90958507161E-05,0.000593904246282,0.2585,
40毫秒,0.04,0.01,通过,0.598125835,1147,397.5831352,1430000,1294774.269,1.87124735975E-05,0.00078294586785,0.2585,
50毫秒,0.05,0.01,通过,0.598125835,1147,410.0397542,1430000,1280433.096,1.84283251189E-05,0.000968649861432,0.2585,
60毫秒,0.06,0.01,通过,0.598125835,1147,420.6227544,1430000,1268425.066,1.82001611988E-05,0.00115179229302,0.2585,
70毫秒,0.07,0.01,通过,0.598125835,1147,429.9091828,1430000,1257950.48,1.80072928078E-05,0.00133282956305,0.2585,
80毫秒,0.08,0.01,通过,0.598125835,1147,438.2270398,1430000,1248582.308,1.7838415083E-05,0.00151205810251,0.2585,
90毫秒,0.09,0.01,通过,0.598125835,1147,445.785503,1430000,1240063.32,1.76891001565E-05,0.0016896956787,0.2585,
100毫秒,0.1,0.01,通过,0.598125835,1147,452.728429,1430000,1232224.467,1.75559012849E-05,0.00186592068591,0.2585,
200毫秒,0.2,0.1,通过,0.598125835,1147,459.1602076,1430000,1224947.074,1.74347743608E-05,0.0036154544682,0.2585,
300毫秒,0.3,0.1,通过,0.598125835,1147,506.7763534,1430000,1170526.004,1.66079885973E-05,0.0053175926161,0.2585,
400毫秒,0.4,0.1,通过,0.598125835,1147,538.8414784,1430000,1133359.452,1.6106581764E-05,0.00695332113417,0.2585,
500毫秒,0.5,0.1,通过,0.598125835,1147,563.458879,1430000,1104576.838,1.57475250401E-05,0.00854602647437,0.2585,
600毫秒,0.6,0.1,通过,0.598125835,1147,583.5852729,1430000,1080901.781,1.54713857625E-05,0.0101069720145,0.2585,
700毫秒,0.7,0.1,通过,0.598125835,1147,600.6699195,1430000,1060710.36,1.52469402459E-05,0.0116428883149,0.2585,
800毫秒,0.8,0.1,通过,0.598125835,1147,615.5409874,1430000,1043065.465,1.5058645297E-05,0.0131581675921,0.2585,
900毫秒,0.9,0.1,通过,0.598125835,1147,628.7200764,1430000,1027372.64,1.4896779488E-05,0.0146559388313,0.2585,
1秒,1,0.1,通过,0.598125835,1147,640.5588341,1430000,1013229.04,1.47559320724E-05,0.0161385744093,0.2585,
2秒,2,1,通过,0.598125835,1147,651.3067975,1430000,1000347.671,1.46309667562E-05,0.0308320238237,0.2585,
3秒,3,1,通过,0.598125835,1147,724.8468867,1430000,910856.3361,1.38481582296E-05,0.0450715863166,0.2585,
4秒,4,1,通过,0.598125835,1147,768.705729,1430000,855803.063,1.34336369808E-05,0.0587124839218,0.2585,
5秒,5,1,通过,0.598125835,1147,799.4945609,1430000,816029.8874,1.31630142828E-05,0.0720108095536,0.2585,
6秒,6,1,通过,0.598125835,1147,822.9063017,1430000,784906.7755,1.29675552738E-05,0.0850760943319,0.2585,
7秒,7,1,通过,0.598125835,1147,841.6011937,1430000,759240.0745,1.28174931755E-05,0.0979686185566,0.2585,
8秒,8,1,通过,0.598125835,1147,857.0369398,1430000,737224.3282,1.26979824585E-05,0.110726356,0.2585,
9秒,9,1,通过,0.598125835,1147,870.0968533,1430000,717751.6654,1.25995004054E-05,0.123375098,0.2585,
10秒,10,1,通过,0.598125835,1147,881.3551331,1430000,700111.5275,1.25164777391E-05,0.135933087,0.2585,
11秒,11,1,通过,0.598125835,1147,891.2050472,1430000,683835.5849,1.24453700957E-05,0.148414011,0.2585,
12秒,12,1,通过,0.598125835,1147,899.9270827,1430000,668608.9128,1.23837280599E-05,0.16082856,0.2585,
13秒,13,1,通过,0.598125835,1147,907.7278804,1430000,654216.043,1.23294191176E-05,0.173185133,0.2585,
14秒,14,1,通过,0.598125835,1147,914.7637775,1430000,640507.0565,1.22810891045E-05,0.185490388,0.2585,
15秒,15,1,通过,0.598125835,1147,921.1557128,1430000,627375.8015,1.22377113552E-05,0.197749788,0.2585,
16秒,16,1,通过,0.598125835,1147,926.9990338,1430000,614745.6798,1.21986261592E-05,0.209967957,0.2585,
17秒,17,1,通过,0.598125835,1147,932.3701615,1430000,602560.2601,1.2163201794E-05,0.222148871,0.2585,
18秒,18,1,通过,0.598125835,1147,937.3312451,1430000,590777.0132,1.21307848439E-05,0.234295864,0.2585,
19秒,19,1,通过,0.598125835,1147,941.9334911,1430000,579363.0934,1.21009701735E-05,0.246411741,0.2585,
20秒,20,1,通过,0.598125835,1147,946.2195913,1430000,568292.4739,1.207342446E-05,0.258498939,0.2585,-0.000410568
